t_s,mem_available_kb,mem_total_kb,matching_rss_kb,n_matching,detail
0.0,7632360,8216160,47688,4,"5392:6208kB;5748:16148kB;5749:14856kB;5750:10476kB"
5.0,6697816,8216160,974508,3,"5748:475580kB;5749:488252kB;5750:10676kB"
10.1,5870508,8216160,1777396,3,"5748:880428kB;5749:886292kB;5750:10676kB"
15.1,4921932,8216160,2748416,3,"5748:1385868kB;5749:1351872kB;5750:10676kB"
20.1,4252740,8216160,3393160,3,"5748:1657044kB;5749:1725440kB;5750:10676kB"
25.1,4251988,8216160,3393160,3,"5748:1657044kB;5749:1725440kB;5750:10676kB"
30.1,4251988,8216160,3393160,3,"5748:1657044kB;5749:1725440kB;5750:10676kB"
35.1,4257008,8216160,3393164,3,"5748:1657044kB;5749:1725440kB;5750:10680kB"
40.1,4258320,8216160,3393164,3,"5748:1657044kB;5749:1725440kB;5750:10680kB"
45.2,4258320,8216160,3393168,3,"5748:1657044kB;5749:1725440kB;5750:10684kB"
50.2,4258352,8216160,3393168,3,"5748:1657044kB;5749:1725440kB;5750:10684kB"
55.2,4258352,8216160,3393168,3,"5748:1657044kB;5749:1725440kB;5750:10684kB"
60.2,4258352,8216160,3393168,3,"5748:1657044kB;5749:1725440kB;5750:10684kB"
65.2,4258352,8216160,3393168,3,"5748:1657044kB;5749:1725440kB;5750:10684kB"
70.2,4258352,8216160,3393168,3,"5748:1657044kB;5749:1725440kB;5750:10684kB"
75.2,4258352,8216160,3393168,3,"5748:1657044kB;5749:1725440kB;5750:10684kB"
80.3,4258352,8216160,3393168,3,"5748:1657044kB;5749:1725440kB;5750:10684kB"
85.3,4258352,8216160,3393168,3,"5748:1657044kB;5749:1725440kB;5750:10684kB"
90.3,4258352,8216160,3393168,3,"5748:1657044kB;5749:1725440kB;5750:10684kB"
95.3,4258352,8216160,3393168,3,"5748:1657044kB;5749:1725440kB;5750:10684kB"
100.3,4258352,8216160,3393168,3,"5748:1657044kB;5749:1725440kB;5750:10684kB"
105.3,4258352,8216160,3393168,3,"5748:1657044kB;5749:1725440kB;5750:10684kB"
110.3,4258352,8216160,3393168,3,"5748:1657044kB;5749:1725440kB;5750:10684kB"
115.3,4258352,8216160,3393172,3,"5748:1657044kB;5749:1725444kB;5750:10684kB"
120.3,4258352,8216160,3393172,3,"5748:1657044kB;5749:1725444kB;5750:10684kB"
125.4,4258352,8216160,3393176,3,"5748:1657044kB;5749:1725448kB;5750:10684kB"
130.4,4260564,8216160,3393180,3,"5748:1657044kB;5749:1725452kB;5750:10684kB"
135.4,4259824,8216160,3393188,3,"5748:1657044kB;5749:1725460kB;5750:10684kB"
140.4,4259824,8216160,3393220,3,"5748:1657044kB;5749:1725492kB;5750:10684kB"
145.4,5489132,8216160,2166440,3,"5748:1657044kB;5749:498712kB;5750:10684kB"
150.4,4971060,8216160,2688824,3,"5748:1657044kB;5749:1021096kB;5750:10684kB"
155.4,4173012,8216160,3485260,3,"5748:1657044kB;5749:1817532kB;5750:10684kB"
160.4,4157956,8216160,3508520,3,"5748:1657044kB;5749:1840788kB;5750:10688kB"
165.5,4157956,8216160,3508520,3,"5748:1657044kB;5749:1840788kB;5750:10688kB"
170.5,4157956,8216160,3508520,3,"5748:1657044kB;5749:1840788kB;5750:10688kB"
175.5,4157956,8216160,3508520,3,"5748:1657044kB;5749:1840788kB;5750:10688kB"
180.5,4157956,8216160,3508520,3,"5748:1657044kB;5749:1840788kB;5750:10688kB"
185.5,4157956,8216160,3508520,3,"5748:1657044kB;5749:1840788kB;5750:10688kB"
190.5,4157956,8216160,3508520,3,"5748:1657044kB;5749:1840788kB;5750:10688kB"
195.5,4157956,8216160,3508520,3,"5748:1657044kB;5749:1840788kB;5750:10688kB"
200.5,4157956,8216160,3508520,3,"5748:1657044kB;5749:1840788kB;5750:10688kB"
205.5,4157956,8216160,3508524,3,"5748:1657044kB;5749:1840788kB;5750:10692kB"
210.6,4157956,8216160,3508524,3,"5748:1657044kB;5749:1840788kB;5750:10692kB"
215.6,4157956,8216160,3508524,3,"5748:1657044kB;5749:1840788kB;5750:10692kB"
220.6,4157956,8216160,3508536,3,"5748:1657056kB;5749:1840788kB;5750:10692kB"
225.6,4157956,8216160,3508540,3,"5748:1657056kB;5749:1840788kB;5750:10696kB"
230.6,4157956,8216160,3508540,3,"5748:1657056kB;5749:1840788kB;5750:10696kB"
235.6,4159460,8216160,3508544,3,"5748:1657060kB;5749:1840788kB;5750:10696kB"
240.6,4158452,8216160,3508544,3,"5748:1657060kB;5749:1840788kB;5750:10696kB"
245.6,4158452,8216160,3508544,3,"5748:1657060kB;5749:1840788kB;5750:10696kB"
250.7,4158452,8216160,3508544,3,"5748:1657060kB;5749:1840788kB;5750:10696kB"
255.7,4158200,8216160,3508544,3,"5748:1657060kB;5749:1840788kB;5750:10696kB"
260.7,4158200,8216160,3508544,3,"5748:1657060kB;5749:1840788kB;5750:10696kB"
265.7,4158204,8216160,3508544,3,"5748:1657060kB;5749:1840788kB;5750:10696kB"
270.7,4158204,8216160,3508544,3,"5748:1657060kB;5749:1840788kB;5750:10696kB"
275.7,4158204,8216160,3508544,3,"5748:1657060kB;5749:1840788kB;5750:10696kB"
280.7,4158204,8216160,3508544,3,"5748:1657060kB;5749:1840788kB;5750:10696kB"
285.7,4158204,8216160,3508544,3,"5748:1657060kB;5749:1840788kB;5750:10696kB"
290.8,4158204,8216160,3508548,3,"5748:1657060kB;5749:1840788kB;5750:10700kB"
295.8,7319148,8216160,361472,3,"5748:47412kB;5749:303360kB;5750:10700kB"
300.8,5823808,8216160,1869168,3,"5748:883744kB;5749:974724kB;5750:10700kB"
305.8,4783420,8216160,2883620,3,"5748:1092292kB;5749:1780628kB;5750:10700kB"
310.8,4034052,8216160,3535400,3,"5748:1605576kB;5749:1919124kB;5750:10700kB"
315.9,4007088,8216160,3656792,3,"5748:1726968kB;5749:1919124kB;5750:10700kB"
320.9,4007088,8216160,3656792,3,"5748:1726968kB;5749:1919124kB;5750:10700kB"
325.9,4007088,8216160,3656792,3,"5748:1726968kB;5749:1919124kB;5750:10700kB"
331.0,4007088,8216160,3656792,3,"5748:1726968kB;5749:1919124kB;5750:10700kB"
336.0,4006836,8216160,3656792,3,"5748:1726968kB;5749:1919124kB;5750:10700kB"
341.0,4006080,8216160,3656792,3,"5748:1726968kB;5749:1919124kB;5750:10700kB"
346.0,4006484,8216160,3656792,3,"5748:1726968kB;5749:1919124kB;5750:10700kB"
351.0,4006168,8216160,3656792,3,"5748:1726968kB;5749:1919124kB;5750:10700kB"
356.0,4006168,8216160,3656792,3,"5748:1726968kB;5749:1919124kB;5750:10700kB"
361.0,4006168,8216160,3656792,3,"5748:1726968kB;5749:1919124kB;5750:10700kB"
366.1,4006168,8216160,3656796,3,"5748:1726968kB;5749:1919124kB;5750:10704kB"
371.1,4006168,8216160,3656796,3,"5748:1726968kB;5749:1919124kB;5750:10704kB"
376.1,4006168,8216160,3656796,3,"5748:1726968kB;5749:1919124kB;5750:10704kB"
381.1,4006168,8216160,3656796,3,"5748:1726968kB;5749:1919124kB;5750:10704kB"
386.1,4006168,8216160,3656796,3,"5748:1726968kB;5749:1919124kB;5750:10704kB"
391.2,4006168,8216160,3656796,3,"5748:1726968kB;5749:1919124kB;5750:10704kB"
396.2,4006168,8216160,3656796,3,"5748:1726968kB;5749:1919124kB;5750:10704kB"
401.2,4006168,8216160,3656796,3,"5748:1726968kB;5749:1919124kB;5750:10704kB"
406.2,4006168,8216160,3656796,3,"5748:1726968kB;5749:1919124kB;5750:10704kB"
411.2,4006632,8216160,3656796,3,"5748:1726968kB;5749:1919124kB;5750:10704kB"
416.2,4006684,8216160,3656796,3,"5748:1726968kB;5749:1919124kB;5750:10704kB"
421.2,4004944,8216160,3656796,3,"5748:1726968kB;5749:1919124kB;5750:10704kB"
426.2,4004920,8216160,3656796,3,"5748:1726968kB;5749:1919124kB;5750:10704kB"
431.3,4004920,8216160,3656796,3,"5748:1726968kB;5749:1919124kB;5750:10704kB"
436.3,4004920,8216160,3656796,3,"5748:1726968kB;5749:1919124kB;5750:10704kB"
441.3,4004920,8216160,3656800,3,"5748:1726968kB;5749:1919124kB;5750:10708kB"
446.3,4006360,8216160,3656800,3,"5748:1726968kB;5749:1919124kB;5750:10708kB"
451.3,4006360,8216160,3656800,3,"5748:1726968kB;5749:1919124kB;5750:10708kB"
456.3,4008048,8216160,3656800,3,"5748:1726968kB;5749:1919124kB;5750:10708kB"
461.3,4319680,8216160,3341840,3,"5748:1726968kB;5749:1604164kB;5750:10708kB"
466.3,5359764,8216160,2315736,3,"5748:1726968kB;5749:578060kB;5750:10708kB"
471.4,4847888,8216160,2823036,3,"5748:1726968kB;5749:1085360kB;5750:10708kB"
476.4,4436388,8216160,3236620,3,"5748:1726968kB;5749:1498944kB;5750:10708kB"
481.4,4004168,8216160,3662396,3,"5748:1726968kB;5749:1924720kB;5750:10708kB"
486.4,3934092,8216160,3741728,3,"5748:1726968kB;5749:2004052kB;5750:10708kB"
491.4,3934092,8216160,3741728,3,"5748:1726968kB;5749:2004052kB;5750:10708kB"
496.4,3933588,8216160,3741728,3,"5748:1726968kB;5749:2004052kB;5750:10708kB"
501.4,3933336,8216160,3741728,3,"5748:1726968kB;5749:2004052kB;5750:10708kB"
506.4,3925524,8216160,3741728,3,"5748:1726968kB;5749:2004052kB;5750:10708kB"
511.5,3925524,8216160,3741728,3,"5748:1726968kB;5749:2004052kB;5750:10708kB"
516.5,3925524,8216160,3741728,3,"5748:1726968kB;5749:2004052kB;5750:10708kB"
521.5,3925524,8216160,3741728,3,"5748:1726968kB;5749:2004052kB;5750:10708kB"
526.5,3925524,8216160,3741728,3,"5748:1726968kB;5749:2004052kB;5750:10708kB"
531.5,3925528,8216160,3741728,3,"5748:1726968kB;5749:2004052kB;5750:10708kB"
536.5,3925528,8216160,3741728,3,"5748:1726968kB;5749:2004052kB;5750:10708kB"
541.5,3924520,8216160,3741728,3,"5748:1726968kB;5749:2004052kB;5750:10708kB"
546.6,3923512,8216160,3741732,3,"5748:1726968kB;5749:2004052kB;5750:10712kB"
551.6,3923512,8216160,3741732,3,"5748:1726968kB;5749:2004052kB;5750:10712kB"
556.6,3923512,8216160,3741732,3,"5748:1726968kB;5749:2004052kB;5750:10712kB"
561.6,3921272,8216160,3741732,3,"5748:1726968kB;5749:2004052kB;5750:10712kB"
566.6,3920264,8216160,3741732,3,"5748:1726968kB;5749:2004052kB;5750:10712kB"
571.6,3920584,8216160,3741732,3,"5748:1726968kB;5749:2004052kB;5750:10712kB"
576.6,3920584,8216160,3741732,3,"5748:1726968kB;5749:2004052kB;5750:10712kB"
581.7,3919072,8216160,3741732,3,"5748:1726968kB;5749:2004052kB;5750:10712kB"
586.7,3919072,8216160,3741732,3,"5748:1726968kB;5749:2004052kB;5750:10712kB"
591.7,3919072,8216160,3741732,3,"5748:1726968kB;5749:2004052kB;5750:10712kB"
596.7,3919072,8216160,3741732,3,"5748:1726968kB;5749:2004052kB;5750:10712kB"
601.7,3937980,8216160,3710484,3,"5748:1695720kB;5749:2004052kB;5750:10712kB"
606.7,5172028,8216160,2475988,3,"5748:461224kB;5749:2004052kB;5750:10712kB"
611.7,4717488,8216160,2953312,3,"5748:938548kB;5749:2004052kB;5750:10712kB"
616.7,4082084,8216160,3583144,3,"5748:1568380kB;5749:2004052kB;5750:10712kB"
621.8,3910028,8216160,3759784,3,"5748:1745020kB;5749:2004052kB;5750:10712kB"
626.8,3894860,8216160,3771172,3,"5748:1756408kB;5749:2004052kB;5750:10712kB"
631.8,3894860,8216160,3771172,3,"5748:1756408kB;5749:2004052kB;5750:10712kB"
636.8,3894860,8216160,3771172,3,"5748:1756408kB;5749:2004052kB;5750:10712kB"
641.8,3894860,8216160,3771172,3,"5748:1756408kB;5749:2004052kB;5750:10712kB"
646.8,3894860,8216160,3771172,3,"5748:1756408kB;5749:2004052kB;5750:10712kB"
651.8,3894860,8216160,3771172,3,"5748:1756408kB;5749:2004052kB;5750:10712kB"
656.8,3894860,8216160,3771172,3,"5748:1756408kB;5749:2004052kB;5750:10712kB"
661.9,3894860,8216160,3771172,3,"5748:1756408kB;5749:2004052kB;5750:10712kB"
666.9,3894860,8216160,3771172,3,"5748:1756408kB;5749:2004052kB;5750:10712kB"
671.9,3894860,8216160,3771176,3,"5748:1756408kB;5749:2004052kB;5750:10716kB"
676.9,3894860,8216160,3771176,3,"5748:1756408kB;5749:2004052kB;5750:10716kB"
681.9,3894860,8216160,3771176,3,"5748:1756408kB;5749:2004052kB;5750:10716kB"
686.9,3894868,8216160,3771176,3,"5748:1756408kB;5749:2004052kB;5750:10716kB"
691.9,3892032,8216160,3771176,3,"5748:1756408kB;5749:2004052kB;5750:10716kB"
697.0,3891532,8216160,3771176,3,"5748:1756408kB;5749:2004052kB;5750:10716kB"
702.0,3891280,8216160,3771176,3,"5748:1756408kB;5749:2004052kB;5750:10716kB"
707.0,3891280,8216160,3771176,3,"5748:1756408kB;5749:2004052kB;5750:10716kB"
712.0,3891280,8216160,3771176,3,"5748:1756408kB;5749:2004052kB;5750:10716kB"
717.0,3890020,8216160,3771176,3,"5748:1756408kB;5749:2004052kB;5750:10716kB"
722.0,3887500,8216160,3771176,3,"5748:1756408kB;5749:2004052kB;5750:10716kB"
727.0,3887500,8216160,3771176,3,"5748:1756408kB;5749:2004052kB;5750:10716kB"
732.1,3888880,8216160,3771176,3,"5748:1756408kB;5749:2004052kB;5750:10716kB"
737.1,3888880,8216160,3771176,3,"5748:1756408kB;5749:2004052kB;5750:10716kB"
742.1,3888880,8216160,3771176,3,"5748:1756408kB;5749:2004052kB;5750:10716kB"
747.1,3888880,8216160,3771176,3,"5748:1756408kB;5749:2004052kB;5750:10716kB"
752.1,3888880,8216160,3771176,3,"5748:1756408kB;5749:2004052kB;5750:10716kB"
757.1,3888880,8216160,3771176,3,"5748:1756408kB;5749:2004052kB;5750:10716kB"
762.1,3888880,8216160,3771176,3,"5748:1756408kB;5749:2004052kB;5750:10716kB"
767.1,3888880,8216160,3771176,3,"5748:1756408kB;5749:2004052kB;5750:10716kB"
772.2,3888880,8216160,3771176,3,"5748:1756408kB;5749:2004052kB;5750:10716kB"
777.2,3888880,8216160,3771176,3,"5748:1756408kB;5749:2004052kB;5750:10716kB"
782.2,3889880,8216160,3771176,3,"5748:1756408kB;5749:2004052kB;5750:10716kB"
787.2,3890132,8216160,3771176,3,"5748:1756408kB;5749:2004052kB;5750:10716kB"
792.2,3890216,8216160,3771176,3,"5748:1756408kB;5749:2004052kB;5750:10716kB"
797.2,3890216,8216160,3771176,3,"5748:1756408kB;5749:2004052kB;5750:10716kB"
802.2,3889464,8216160,3771180,3,"5748:1756408kB;5749:2004052kB;5750:10720kB"
807.2,3889464,8216160,3771180,3,"5748:1756408kB;5749:2004052kB;5750:10720kB"
812.3,3889464,8216160,3771180,3,"5748:1756408kB;5749:2004052kB;5750:10720kB"
817.3,3889464,8216160,3771180,3,"5748:1756408kB;5749:2004052kB;5750:10720kB"
822.3,3895920,8216160,3771180,3,"5748:1756408kB;5749:2004052kB;5750:10720kB"
827.3,3895920,8216160,3771180,3,"5748:1756408kB;5749:2004052kB;5750:10720kB"
832.3,3895920,8216160,3771180,3,"5748:1756408kB;5749:2004052kB;5750:10720kB"
837.3,3895164,8216160,3771180,3,"5748:1756408kB;5749:2004052kB;5750:10720kB"
842.3,3895164,8216160,3771180,3,"5748:1756408kB;5749:2004052kB;5750:10720kB"
847.3,3895164,8216160,3771180,3,"5748:1756408kB;5749:2004052kB;5750:10720kB"
852.4,3895164,8216160,3771180,3,"5748:1756408kB;5749:2004052kB;5750:10720kB"
857.4,3895164,8216160,3771180,3,"5748:1756408kB;5749:2004052kB;5750:10720kB"
862.4,3895164,8216160,3771180,3,"5748:1756408kB;5749:2004052kB;5750:10720kB"
867.4,3895164,8216160,3771180,3,"5748:1756408kB;5749:2004052kB;5750:10720kB"
872.4,3895164,8216160,3771180,3,"5748:1756408kB;5749:2004052kB;5750:10720kB"
877.4,3895164,8216160,3771180,3,"5748:1756408kB;5749:2004052kB;5750:10720kB"
882.4,3895164,8216160,3771180,3,"5748:1756408kB;5749:2004052kB;5750:10720kB"
887.4,3895164,8216160,3771180,3,"5748:1756408kB;5749:2004052kB;5750:10720kB"
892.4,3895164,8216160,3771180,3,"5748:1756408kB;5749:2004052kB;5750:10720kB"
897.5,3895164,8216160,3771180,3,"5748:1756408kB;5749:2004052kB;5750:10720kB"
902.5,3895164,8216160,3771180,3,"5748:1756408kB;5749:2004052kB;5750:10720kB"
907.5,3895164,8216160,3771180,3,"5748:1756408kB;5749:2004052kB;5750:10720kB"
912.5,3895164,8216160,3771180,3,"5748:1756408kB;5749:2004052kB;5750:10720kB"
917.5,3895164,8216160,3771180,3,"5748:1756408kB;5749:2004052kB;5750:10720kB"
922.5,4734996,8216160,2795136,3,"5748:780364kB;5749:2004052kB;5750:10720kB"
927.5,4558836,8216160,3103392,3,"5748:1088620kB;5749:2004052kB;5750:10720kB"
932.5,3913640,8216160,3600868,3,"5748:1586096kB;5749:2004052kB;5750:10720kB"
937.6,3865488,8216160,3801340,3,"5748:1786568kB;5749:2004052kB;5750:10720kB"
942.6,3865084,8216160,3801340,3,"5748:1786568kB;5749:2004052kB;5750:10720kB"
947.6,3864832,8216160,3801340,3,"5748:1786568kB;5749:2004052kB;5750:10720kB"
952.6,3865084,8216160,3801344,3,"5748:1786568kB;5749:2004052kB;5750:10724kB"
957.6,3865084,8216160,3801344,3,"5748:1786568kB;5749:2004052kB;5750:10724kB"
962.6,3865592,8216160,3801344,3,"5748:1786568kB;5749:2004052kB;5750:10724kB"
967.6,3865592,8216160,3801344,3,"5748:1786568kB;5749:2004052kB;5750:10724kB"
972.6,3865408,8216160,3801344,3,"5748:1786568kB;5749:2004052kB;5750:10724kB"
977.7,3865408,8216160,3801344,3,"5748:1786568kB;5749:2004052kB;5750:10724kB"
982.7,3865156,8216160,3801344,3,"5748:1786568kB;5749:2004052kB;5750:10724kB"
987.7,3865156,8216160,3801344,3,"5748:1786568kB;5749:2004052kB;5750:10724kB"
992.7,3866404,8216160,3801344,3,"5748:1786568kB;5749:2004052kB;5750:10724kB"
997.7,3865900,8216160,3801344,3,"5748:1786568kB;5749:2004052kB;5750:10724kB"
1002.7,3865900,8216160,3801344,3,"5748:1786568kB;5749:2004052kB;5750:10724kB"
1007.7,3865900,8216160,3801344,3,"5748:1786568kB;5749:2004052kB;5750:10724kB"
1012.7,3864044,8216160,3801344,3,"5748:1786568kB;5749:2004052kB;5750:10724kB"
1017.7,3865308,8216160,3801344,3,"5748:1786568kB;5749:2004052kB;5750:10724kB"
1022.8,3864612,8216160,3801344,3,"5748:1786568kB;5749:2004052kB;5750:10724kB"
1027.8,5301764,8216160,2383584,3,"5748:1786568kB;5749:586292kB;5750:10724kB"
1032.8,4743412,8216160,2931492,3,"5748:1786568kB;5749:1134200kB;5750:10724kB"
1037.8,4420572,8216160,3256256,3,"5748:1786568kB;5749:1458964kB;5750:10724kB"
1042.8,3825232,8216160,3836220,3,"5748:1786568kB;5749:2038928kB;5750:10724kB"
1047.8,3694444,8216160,3977396,3,"5748:1786568kB;5749:2180104kB;5750:10724kB"
1052.9,3694444,8216160,3977396,3,"5748:1786568kB;5749:2180104kB;5750:10724kB"
1057.9,3689908,8216160,3977400,3,"5748:1786568kB;5749:2180104kB;5750:10728kB"
1062.9,3689908,8216160,3977400,3,"5748:1786568kB;5749:2180104kB;5750:10728kB"
1067.9,3688148,8216160,3977400,3,"5748:1786568kB;5749:2180104kB;5750:10728kB"
1072.9,3688148,8216160,3977400,3,"5748:1786568kB;5749:2180104kB;5750:10728kB"
1077.9,3688148,8216160,3977400,3,"5748:1786568kB;5749:2180104kB;5750:10728kB"
1082.9,3688148,8216160,3977400,3,"5748:1786568kB;5749:2180104kB;5750:10728kB"
1088.0,3688148,8216160,3977400,3,"5748:1786568kB;5749:2180104kB;5750:10728kB"
1093.0,3688148,8216160,3977400,3,"5748:1786568kB;5749:2180104kB;5750:10728kB"
1098.1,3688148,8216160,3977400,3,"5748:1786568kB;5749:2180104kB;5750:10728kB"
1103.1,3688148,8216160,3977400,3,"5748:1786568kB;5749:2180104kB;5750:10728kB"
1108.1,3688148,8216160,3977400,3,"5748:1786568kB;5749:2180104kB;5750:10728kB"
1113.1,3688148,8216160,3977400,3,"5748:1786568kB;5749:2180104kB;5750:10728kB"
1118.1,3689064,8216160,3977400,3,"5748:1786568kB;5749:2180104kB;5750:10728kB"
1123.1,3689144,8216160,3977400,3,"5748:1786568kB;5749:2180104kB;5750:10728kB"
1128.2,3687632,8216160,3977400,3,"5748:1786568kB;5749:2180104kB;5750:10728kB"
1133.2,3687632,8216160,3977400,3,"5748:1786568kB;5749:2180104kB;5750:10728kB"
1138.2,3687632,8216160,3977400,3,"5748:1786568kB;5749:2180104kB;5750:10728kB"
1143.2,3687632,8216160,3977400,3,"5748:1786568kB;5749:2180104kB;5750:10728kB"
1148.2,3687632,8216160,3977400,3,"5748:1786568kB;5749:2180104kB;5750:10728kB"
1153.2,3687632,8216160,3977400,3,"5748:1786568kB;5749:2180104kB;5750:10728kB"
1158.2,3687632,8216160,3977400,3,"5748:1786568kB;5749:2180104kB;5750:10728kB"
1163.2,3687632,8216160,3977400,3,"5748:1786568kB;5749:2180104kB;5750:10728kB"
1168.2,3687632,8216160,3977400,3,"5748:1786568kB;5749:2180104kB;5750:10728kB"
1173.3,3687632,8216160,3977400,3,"5748:1786568kB;5749:2180104kB;5750:10728kB"
1178.3,3687632,8216160,3977400,3,"5748:1786568kB;5749:2180104kB;5750:10728kB"
1183.3,3685868,8216160,3977404,3,"5748:1786568kB;5749:2180104kB;5750:10732kB"
1188.3,3685868,8216160,3977404,3,"5748:1786568kB;5749:2180104kB;5750:10732kB"
1193.3,3685868,8216160,3977404,3,"5748:1786568kB;5749:2180104kB;5750:10732kB"
1198.3,3685868,8216160,3977404,3,"5748:1786568kB;5749:2180104kB;5750:10732kB"
1203.3,3685868,8216160,3977404,3,"5748:1786568kB;5749:2180104kB;5750:10732kB"
1208.3,3685868,8216160,3977404,3,"5748:1786568kB;5749:2180104kB;5750:10732kB"
1213.4,3685868,8216160,3977404,3,"5748:1786568kB;5749:2180104kB;5750:10732kB"
1218.4,3686124,8216160,3977404,3,"5748:1786568kB;5749:2180104kB;5750:10732kB"
1223.4,3687284,8216160,3977404,3,"5748:1786568kB;5749:2180104kB;5750:10732kB"
1228.4,3687324,8216160,3977404,3,"5748:1786568kB;5749:2180104kB;5750:10732kB"
1233.4,3685584,8216160,3977404,3,"5748:1786568kB;5749:2180104kB;5750:10732kB"
1238.4,3685560,8216160,3977404,3,"5748:1786568kB;5749:2180104kB;5750:10732kB"
1243.4,3685560,8216160,3977404,3,"5748:1786568kB;5749:2180104kB;5750:10732kB"
1248.4,3749620,8216160,3913884,3,"5748:1723048kB;5749:2180104kB;5750:10732kB"
1253.5,4973292,8216160,2681140,3,"5748:490304kB;5749:2180104kB;5750:10732kB"
1258.5,4520412,8216160,3137400,3,"5748:946564kB;5749:2180104kB;5750:10732kB"
1263.5,3993744,8216160,3664504,3,"5748:1473668kB;5749:2180104kB;5750:10732kB"
1268.5,3764448,8216160,3892432,3,"5748:1701476kB;5749:2180224kB;5750:10732kB"
1273.6,3644960,8216160,4008236,3,"5748:1817280kB;5749:2180224kB;5750:10732kB"
1278.6,3644960,8216160,4008236,3,"5748:1817280kB;5749:2180224kB;5750:10732kB"
1283.6,3644960,8216160,4008236,3,"5748:1817280kB;5749:2180224kB;5750:10732kB"
1288.6,3644960,8216160,4008236,3,"5748:1817280kB;5749:2180224kB;5750:10732kB"
1293.6,3644960,8216160,4008236,3,"5748:1817280kB;5749:2180224kB;5750:10732kB"
1298.6,3644960,8216160,4008236,3,"5748:1817280kB;5749:2180224kB;5750:10732kB"
1303.6,3644960,8216160,4008236,3,"5748:1817280kB;5749:2180224kB;5750:10732kB"
1308.7,3644960,8216160,4008236,3,"5748:1817280kB;5749:2180224kB;5750:10732kB"
1313.7,3913848,8216160,3736720,3,"5748:1817280kB;5749:1908704kB;5750:10736kB"
1318.7,5823716,8216160,1828016,2,"5748:1817280kB;5750:10736kB"
1323.7,5823716,8216160,1828016,2,"5748:1817280kB;5750:10736kB"
1328.7,5823716,8216160,1828016,2,"5748:1817280kB;5750:10736kB"
1333.7,5823720,8216160,1828016,2,"5748:1817280kB;5750:10736kB"
1338.7,5823720,8216160,1828016,2,"5748:1817280kB;5750:10736kB"
1343.7,5823720,8216160,1828016,2,"5748:1817280kB;5750:10736kB"
1348.7,5823720,8216160,1828016,2,"5748:1817280kB;5750:10736kB"
1353.7,5823720,8216160,1828016,2,"5748:1817280kB;5750:10736kB"
1358.7,5823724,8216160,1828016,2,"5748:1817280kB;5750:10736kB"
1363.7,5823724,8216160,1828016,2,"5748:1817280kB;5750:10736kB"
1368.7,5823724,8216160,1828016,2,"5748:1817280kB;5750:10736kB"
1373.7,5823724,8216160,1828016,2,"5748:1817280kB;5750:10736kB"
1378.7,5823724,8216160,1828016,2,"5748:1817280kB;5750:10736kB"
1383.7,5823724,8216160,1828016,2,"5748:1817280kB;5750:10736kB"
1388.7,5823724,8216160,1828016,2,"5748:1817280kB;5750:10736kB"
1393.8,5823724,8216160,1828016,2,"5748:1817280kB;5750:10736kB"
1398.8,5823724,8216160,1828016,2,"5748:1817280kB;5750:10736kB"
1403.8,5823724,8216160,1828016,2,"5748:1817280kB;5750:10736kB"
1408.8,5823724,8216160,1828016,2,"5748:1817280kB;5750:10736kB"
1413.8,5823724,8216160,1828016,2,"5748:1817280kB;5750:10736kB"
1418.8,5823724,8216160,1828016,2,"5748:1817280kB;5750:10736kB"
1423.8,5823724,8216160,1828016,2,"5748:1817280kB;5750:10736kB"
1428.8,5823724,8216160,1828016,2,"5748:1817280kB;5750:10736kB"
1433.8,5823724,8216160,1828016,2,"5748:1817280kB;5750:10736kB"
1438.8,5823724,8216160,1828016,2,"5748:1817280kB;5750:10736kB"
1443.8,5823724,8216160,1828016,2,"5748:1817280kB;5750:10736kB"
1448.8,5823724,8216160,1828016,2,"5748:1817280kB;5750:10736kB"
1453.8,5823724,8216160,1828016,2,"5748:1817280kB;5750:10736kB"
1458.8,5823724,8216160,1828016,2,"5748:1817280kB;5750:10736kB"
1463.8,5823724,8216160,1828020,2,"5748:1817280kB;5750:10740kB"
1468.8,5823724,8216160,1828020,2,"5748:1817280kB;5750:10740kB"
1473.9,5823724,8216160,1828020,2,"5748:1817280kB;5750:10740kB"
1478.9,5823724,8216160,1828020,2,"5748:1817280kB;5750:10740kB"
1483.9,5823724,8216160,1828020,2,"5748:1817280kB;5750:10740kB"
1488.9,5823724,8216160,1828020,2,"5748:1817280kB;5750:10740kB"
1493.9,5823724,8216160,1828020,2,"5748:1817280kB;5750:10740kB"
1498.9,5823724,8216160,1828020,2,"5748:1817280kB;5750:10740kB"
1503.9,5823724,8216160,1828020,2,"5748:1817280kB;5750:10740kB"
1508.9,5823724,8216160,1828020,2,"5748:1817280kB;5750:10740kB"
1513.9,5823724,8216160,1828020,2,"5748:1817280kB;5750:10740kB"
1518.9,5823724,8216160,1828020,2,"5748:1817280kB;5750:10740kB"
1523.9,5823724,8216160,1828020,2,"5748:1817280kB;5750:10740kB"
1528.9,5823724,8216160,1828020,2,"5748:1817280kB;5750:10740kB"
1533.9,5823724,8216160,1828020,2,"5748:1817280kB;5750:10740kB"
1538.9,5823724,8216160,1828020,2,"5748:1817280kB;5750:10740kB"
1543.9,5823724,8216160,1828020,2,"5748:1817280kB;5750:10740kB"
1548.9,5823724,8216160,1828020,2,"5748:1817280kB;5750:10740kB"
1553.9,5823724,8216160,1828020,2,"5748:1817280kB;5750:10740kB"
1558.9,5823724,8216160,1828020,2,"5748:1817280kB;5750:10740kB"
1563.9,5823724,8216160,1828020,2,"5748:1817280kB;5750:10740kB"
1569.0,5823724,8216160,1828024,2,"5748:1817280kB;5750:10744kB"
1574.0,5823724,8216160,1828024,2,"5748:1817280kB;5750:10744kB"
1579.0,5823724,8216160,1828024,2,"5748:1817280kB;5750:10744kB"
1584.0,5823724,8216160,1828024,2,"5748:1817280kB;5750:10744kB"
1589.0,5823724,8216160,1828024,2,"5748:1817280kB;5750:10744kB"
1594.0,7584872,8216160,70696,2,"5748:59952kB;5750:10744kB"
1599.0,6732960,8216160,820448,2,"5748:809704kB;5750:10744kB"
1604.0,6511496,8216160,1137900,2,"5748:1127156kB;5750:10744kB"
1609.0,5948652,8216160,1620148,2,"5748:1609404kB;5750:10744kB"
1614.0,5796696,8216160,1859380,2,"5748:1848636kB;5750:10744kB"
1619.0,5796696,8216160,1859380,2,"5748:1848636kB;5750:10744kB"
1624.0,5796696,8216160,1859380,2,"5748:1848636kB;5750:10744kB"
1629.0,5796696,8216160,1859380,2,"5748:1848636kB;5750:10744kB"
1634.0,5796696,8216160,1859380,2,"5748:1848636kB;5750:10744kB"
1639.0,5796696,8216160,1859380,2,"5748:1848636kB;5750:10744kB"
1644.0,5796696,8216160,1859380,2,"5748:1848636kB;5750:10744kB"
1649.0,5796696,8216160,1859380,2,"5748:1848636kB;5750:10744kB"
1654.0,5796696,8216160,1859380,2,"5748:1848636kB;5750:10744kB"
1659.1,5796700,8216160,1859380,2,"5748:1848636kB;5750:10744kB"
1664.1,5796700,8216160,1859380,2,"5748:1848636kB;5750:10744kB"
1669.1,5796700,8216160,1859380,2,"5748:1848636kB;5750:10744kB"
1674.1,5796700,8216160,1859380,2,"5748:1848636kB;5750:10744kB"
1679.1,5796700,8216160,1859380,2,"5748:1848636kB;5750:10744kB"
1684.1,5796700,8216160,1859380,2,"5748:1848636kB;5750:10744kB"
1689.1,5796700,8216160,1859380,2,"5748:1848636kB;5750:10744kB"
1694.1,5796700,8216160,1859384,2,"5748:1848636kB;5750:10748kB"
1699.1,5796700,8216160,1859384,2,"5748:1848636kB;5750:10748kB"
1704.1,5796700,8216160,1859384,2,"5748:1848636kB;5750:10748kB"
1709.1,5796700,8216160,1859384,2,"5748:1848636kB;5750:10748kB"
1714.1,5796700,8216160,1859384,2,"5748:1848636kB;5750:10748kB"
1719.1,5796700,8216160,1859384,2,"5748:1848636kB;5750:10748kB"
1724.1,5796700,8216160,1859384,2,"5748:1848636kB;5750:10748kB"
1729.1,5796700,8216160,1859384,2,"5748:1848636kB;5750:10748kB"
1734.1,5796700,8216160,1859384,2,"5748:1848636kB;5750:10748kB"
1739.1,5796700,8216160,1859384,2,"5748:1848636kB;5750:10748kB"
1744.2,5796700,8216160,1859384,2,"5748:1848636kB;5750:10748kB"
1749.2,5796700,8216160,1859384,2,"5748:1848636kB;5750:10748kB"
1754.2,5796700,8216160,1859384,2,"5748:1848636kB;5750:10748kB"
1759.2,5796700,8216160,1859384,2,"5748:1848636kB;5750:10748kB"
1764.2,5796700,8216160,1859384,2,"5748:1848636kB;5750:10748kB"
1769.2,5796700,8216160,1859384,2,"5748:1848636kB;5750:10748kB"
1774.2,5796700,8216160,1859384,2,"5748:1848636kB;5750:10748kB"
1779.2,5796700,8216160,1859384,2,"5748:1848636kB;5750:10748kB"
1784.2,5796700,8216160,1859384,2,"5748:1848636kB;5750:10748kB"
1789.2,5796700,8216160,1859384,2,"5748:1848636kB;5750:10748kB"
1794.2,5796700,8216160,1859384,2,"5748:1848636kB;5750:10748kB"
1799.2,5796340,8216160,1859384,2,"5748:1848636kB;5750:10748kB"
1804.2,5796236,8216160,1859384,2,"5748:1848636kB;5750:10748kB"
1809.3,5796240,8216160,1859384,2,"5748:1848636kB;5750:10748kB"
1814.3,5793720,8216160,1859384,2,"5748:1848636kB;5750:10748kB"
1819.3,5793720,8216160,1859384,2,"5748:1848636kB;5750:10748kB"
1824.3,5793720,8216160,1859388,2,"5748:1848636kB;5750:10752kB"
1829.3,5793720,8216160,1859388,2,"5748:1848636kB;5750:10752kB"
1834.3,5793720,8216160,1859388,2,"5748:1848636kB;5750:10752kB"
1839.3,5793720,8216160,1859388,2,"5748:1848636kB;5750:10752kB"
1844.3,5793720,8216160,1859388,2,"5748:1848636kB;5750:10752kB"
1849.3,5793720,8216160,1859388,2,"5748:1848636kB;5750:10752kB"
1854.4,5793720,8216160,1859388,2,"5748:1848636kB;5750:10752kB"
1859.4,5793720,8216160,1859388,2,"5748:1848636kB;5750:10752kB"
1864.4,5793720,8216160,1859388,2,"5748:1848636kB;5750:10752kB"
1869.4,5793720,8216160,1859388,2,"5748:1848636kB;5750:10752kB"
1874.4,5793720,8216160,1859388,2,"5748:1848636kB;5750:10752kB"
1879.4,5793720,8216160,1859388,2,"5748:1848636kB;5750:10752kB"
1884.4,5793720,8216160,1859388,2,"5748:1848636kB;5750:10752kB"
1889.4,5793724,8216160,1859388,2,"5748:1848636kB;5750:10752kB"
1894.4,5793724,8216160,1859388,2,"5748:1848636kB;5750:10752kB"
1899.4,5793724,8216160,1859388,2,"5748:1848636kB;5750:10752kB"
1904.4,5793724,8216160,1859388,2,"5748:1848636kB;5750:10752kB"
1909.4,5793724,8216160,1859388,2,"5748:1848636kB;5750:10752kB"
1914.4,5793724,8216160,1859388,2,"5748:1848636kB;5750:10752kB"
1919.4,5793724,8216160,1859388,2,"5748:1848636kB;5750:10752kB"
1924.4,5793724,8216160,1859388,2,"5748:1848636kB;5750:10752kB"
1929.4,5793724,8216160,1859388,2,"5748:1848636kB;5750:10752kB"
1934.5,5793724,8216160,1859388,2,"5748:1848636kB;5750:10752kB"
1939.5,5793724,8216160,1859388,2,"5748:1848636kB;5750:10752kB"
1944.5,5793724,8216160,1859388,2,"5748:1848636kB;5750:10752kB"
1949.5,5793724,8216160,1859388,2,"5748:1848636kB;5750:10752kB"
1954.5,5793724,8216160,1859388,2,"5748:1848636kB;5750:10752kB"
1959.5,7639384,8216160,10752,1,"5750:10752kB"
1964.5,7639136,8216160,10752,1,"5750:10752kB"
1969.5,7639136,8216160,10752,1,"5750:10752kB"
1974.5,7639136,8216160,10756,1,"5750:10756kB"
1979.5,7641636,8216160,10756,1,"5750:10756kB"
1984.5,7641636,8216160,10756,1,"5750:10756kB"
1989.5,7641636,8216160,10756,1,"5750:10756kB"
1994.5,7640728,8216160,10756,1,"5750:10756kB"
1999.5,7640728,8216160,10756,1,"5750:10756kB"
2004.5,7640728,8216160,10756,1,"5750:10756kB"
2009.5,7640728,8216160,10756,1,"5750:10756kB"
2014.5,7640728,8216160,10756,1,"5750:10756kB"
2019.6,7640728,8216160,10756,1,"5750:10756kB"
2024.6,7640728,8216160,10756,1,"5750:10756kB"
2029.6,7640728,8216160,10756,1,"5750:10756kB"
2034.6,7640728,8216160,10756,1,"5750:10756kB"
2039.6,7640728,8216160,10756,1,"5750:10756kB"
2044.6,7640728,8216160,10756,1,"5750:10756kB"
2049.6,7640728,8216160,10756,1,"5750:10756kB"
2054.6,7640236,8216160,10756,1,"5750:10756kB"
2059.6,7639984,8216160,10756,1,"5750:10756kB"
2064.6,7642092,8216160,10756,1,"5750:10756kB"
2069.6,7641084,8216160,10756,1,"5750:10756kB"
2074.6,7640120,8216160,10756,1,"5750:10756kB"
2079.6,7640028,8216160,10760,1,"5750:10760kB"
2084.6,7640584,8216160,10760,1,"5750:10760kB"
2089.6,7640516,8216160,10760,1,"5750:10760kB"
2094.6,7640516,8216160,10760,1,"5750:10760kB"
2099.6,7640516,8216160,10760,1,"5750:10760kB"
2104.6,7640516,8216160,10760,1,"5750:10760kB"
2109.7,7640516,8216160,10760,1,"5750:10760kB"
2114.7,7640516,8216160,10760,1,"5750:10760kB"
2119.7,7640516,8216160,10760,1,"5750:10760kB"
2124.7,7640516,8216160,10760,1,"5750:10760kB"
2129.7,7641004,8216160,10760,1,"5750:10760kB"
2134.7,7642744,8216160,10760,1,"5750:10760kB"
2139.7,7642744,8216160,10760,1,"5750:10760kB"
2144.7,7642744,8216160,10760,1,"5750:10760kB"
2149.7,7642744,8216160,10760,1,"5750:10760kB"
2154.7,7642744,8216160,10760,1,"5750:10760kB"
2159.7,7642744,8216160,10760,1,"5750:10760kB"
2164.7,7642744,8216160,10760,1,"5750:10760kB"
2169.7,7642744,8216160,10760,1,"5750:10760kB"
2174.7,7642744,8216160,10760,1,"5750:10760kB"
2179.7,7642048,8216160,10760,1,"5750:10760kB"
2184.7,7641268,8216160,10760,1,"5750:10760kB"
2189.7,7641076,8216160,10760,1,"5750:10760kB"
2194.7,7641076,8216160,10760,1,"5750:10760kB"
2199.8,7641608,8216160,10760,1,"5750:10760kB"
2204.8,7641608,8216160,10764,1,"5750:10764kB"
2209.8,7641616,8216160,10764,1,"5750:10764kB"
